Date,DAI-USD,BUSD-USD,TUSD-USD,USDC-USD,USDT-USD
11/22/19,0.992598,1.001011,1.002206,1.001247,1.003045
11/23/19,1.016282,1.010858,1.011321,1.011744,1.01313
11/24/19,1.00227,1.018518,1.017851,1.008879,1.017519
11/25/19,1.007021,1.00198,1.003634,1.000393,1.003114
11/26/19,1.006096,1.008688,1.009488,1.007935,1.009773
11/27/19,0.997034,1.003363,1.005104,1.007488,1.005027
11/28/19,1.004738,1.003727,1.003321,1.006755,1.00408
11/29/19,1.004759,1.003209,1.001976,1.00305,1.004521
11/30/19,1.005228,1.00144,0.999882,0.997658,1.001703
12/1/19,1.00104,1.00116,1.000877,0.99645,1.002481
12/2/19,0.997916,1.000965,0.998138,0.998794,1.001681
12/3/19,1.003919,1.002154,0.998867,1.002146,1.003135
12/4/19,1.00445,1.007963,1.003288,1.004955,1.007939
12/5/19,1.008205,1.008152,1.008388,1.008945,1.010072
12/6/19,1.001905,1.002311,1.002975,1.003251,1.003428
12/7/19,1.005785,1.006467,1.006584,1.006559,1.007412
12/8/19,1.003661,1.005123,1.005311,1.00547,1.006376
12/9/19,1.006436,1.005387,1.00461,1.005754,1.004253
12/10/19,1.003851,1.006011,1.005375,1.006341,1.005855
12/11/19,1.00303,1.002728,1.001441,1.00077,1.011923
12/12/19,1.005456,1.007153,1.005648,1.006966,1.005837
12/13/19,1.003854,1.002407,1.001802,1.003056,1.001751
12/14/19,1.007594,1.007912,1.005436,1.006866,1.006088
12/15/19,1.003221,1.005836,1.004263,1.005689,1.004616
12/16/19,1.006222,1.006196,1.003848,1.003617,1.003986
12/17/19,1.000816,1.000383,1.003626,0.998726,0.993339
12/18/19,1.001963,1.002982,1.001406,1.009051,1.006128
12/19/19,1.007567,1.008747,1.00651,1.009815,1.008569
12/20/19,1.003855,1.005221,1.00343,1.005709,1.005842
12/21/19,1.005012,1.007217,1.004896,1.007746,1.005758
12/22/19,0.999937,1.001737,1.000731,1.002088,1.003887
12/23/19,0.997308,1.003539,1.002821,1.000583,1.012136
12/24/19,1.010182,1.009444,1.01113,1.010236,1.008587
12/25/19,1.010641,1.011583,1.012032,1.012936,1.004661
12/26/19,1.00438,1.005505,1.003411,1.005048,1.003988
12/27/19,1.008269,1.006871,1.006126,1.008644,1.005803
12/28/19,1.006781,1.002121,1.002423,1.002402,1.000307
12/29/19,1.003944,1.004819,1.005799,1.005283,1.00421
12/30/19,1.007196,1.009295,1.008943,1.009358,1.006175
12/31/19,0.998045,1.003195,1.002599,1.00373,0.999679
1/1/20,1.000243,1.003361,1.002077,1.004079,0.999836
1/2/20,0.997823,1.002926,1.000522,1.005017,1.001565
1/3/20,1.002185,1.004717,1.006687,1.005273,1.004192
1/4/20,1.007795,1.008474,1.010395,1.009466,1.007472
1/5/20,1.007635,1.008208,1.009585,1.008497,1.006197
1/6/20,1.003022,1.001591,1.005699,1.003119,1.002903
1/7/20,0.996011,1.000728,1.00345,0.9995,1.001723
1/8/20,1.005968,1.005744,1.006771,1.004603,1.004253
1/9/20,1.005149,1.00746,1.008133,1.007031,1.006573
1/10/20,1.002167,1.000153,1.000957,1.000822,1.001462
1/11/20,1.002446,1.002008,1.004008,1.002529,1.000091
1/12/20,1.001692,1.00293,1.005828,1.004318,1.002478
1/13/20,1.001173,1.003926,1.006006,1.004319,1.003347
1/14/20,1.001737,1.002014,1.004767,1.002371,1.001821
1/15/20,0.995719,1.000122,1.00199,1.001165,0.999656
1/16/20,0.984807,1.000638,1.001559,1.002668,0.999231
1/17/20,1.003014,1.003873,1.004248,1.004523,1.002879
1/18/20,1.001827,1.002851,1.002919,1.00532,1.002741
1/19/20,0.985941,1.000311,1.0015,0.99729,0.998535
1/20/20,0.991633,1.002388,1.000694,1.000803,1.000688
1/21/20,0.999183,1.002738,1.000202,1.002642,1.001418
1/22/20,0.995976,1.003336,1.000549,1.001615,1.000595
1/23/20,0.990997,1.001402,0.999263,1.000879,0.998409
1/24/20,1.000083,1.003702,1.003334,1.002793,1.00297
1/25/20,0.988558,1.00398,1.001965,1.002035,1.002113
1/26/20,1.006592,1.001666,0.999289,1.012184,1.000504
1/27/20,1.017624,1.003546,1.002595,1.019121,1.0019
1/28/20,1.013262,0.99984,1.002364,1.024196,1.00076
1/29/20,0.999195,1.004144,1.005345,1.025096,1.002296
1/30/20,1.015623,1.00205,1.00313,1.044029,1.001452
1/31/20,1.005588,1.002902,1.003652,1.028374,1.000648
2/1/20,1.011581,1.00179,1.002387,1.027546,1.001216
2/2/20,0.996393,1.002109,1.000774,1.02821,1.000544
2/3/20,0.997725,1.001277,1.000594,1.026434,0.998913
2/4/20,1.003365,1.003598,1.002171,1.024436,1.001745
2/5/20,1.019185,1.002603,1.002882,1.031869,1.002838
2/6/20,1.000031,0.999443,0.99867,1.024657,0.997216
2/7/20,1.005904,0.998886,0.997978,1.016931,0.997751
2/8/20,1.015199,0.99806,0.999155,1.019542,0.999534
2/9/20,1.008634,0.999672,1.001056,1.024578,1.001473
2/10/20,0.99682,1.000889,1.000286,1.018856,1.00064
2/11/20,1.007251,0.994269,0.996959,1.014909,0.998423
2/12/20,1.018722,0.999714,1.002798,1.033137,1.002559
2/13/20,0.995143,0.999205,0.998676,1.019116,0.998579
2/14/20,0.993727,0.99793,0.997336,1.016723,1.000114
2/15/20,0.985562,1.000873,1.000093,1.011255,0.999128
2/16/20,0.991198,0.99784,0.997441,1.009634,0.999272
2/17/20,1.006203,0.998613,0.995398,1.011898,0.998474
2/18/20,1.021172,0.998045,0.998122,1.021221,1.000759
2/19/20,0.964845,1.001337,0.998436,1.007414,1.001324
2/20/20,0.987756,1.000137,0.9996,1.009512,1.002594
2/21/20,1.0001,1.001335,1.000165,1.011225,1.003138
2/22/20,0.99715,0.999968,0.999316,0.999922,1.001829
2/23/20,1.012573,0.995377,0.996414,0.997281,0.998017
2/24/20,0.987721,0.999157,0.998731,0.999537,0.9988
2/25/20,0.982571,1.001916,1.0007,1.000338,1.001454
2/26/20,0.998542,1.003746,1.001872,1.002998,1.002742
2/27/20,0.9969,0.999507,0.998796,1.000619,0.998413
2/28/20,1.008274,0.996102,0.996502,0.992981,0.997089
2/29/20,0.996331,1.006383,1.005526,1.004586,1.006368
3/1/20,0.999519,1.001978,1.001273,1.001161,1.000498
3/2/20,1.003432,0.994959,0.99396,0.994211,0.995
3/3/20,0.999385,1.002479,1.0024,1.00281,1.002497
3/4/20,1.002615,1.000036,0.998962,1.000453,1.000622
3/5/20,1.009739,1.001484,1.002864,1.004377,1.002522
3/6/20,1.017148,0.996697,0.997175,0.997434,0.99843
3/7/20,0.995334,1.000075,1.000235,1.000412,1.000182
3/8/20,0.9774,1.009132,1.007253,1.007404,1.009775
3/9/20,1.005669,1.000481,1.000576,1.001111,0.999048
3/10/20,0.995731,1.001974,1.001131,1.001519,1.001721
3/11/20,1.00221,0.997419,0.997562,0.997317,0.998806
3/12/20,1.03544,1.052356,1.044172,1.040553,1.053585
3/13/20,1.092951,0.993114,0.992285,1.002522,0.999629
3/14/20,0.998534,1.002121,1.002239,1.000497,1.001621
3/15/20,1.034467,1.0053,1.004373,1.003144,1.001987
3/16/20,1.029217,0.995687,0.994781,0.998603,0.997004
3/17/20,0.99345,0.972539,0.973109,0.970238,0.976145
3/18/20,0.994119,0.970006,0.970897,0.970124,0.974248
3/19/20,1.023469,1.000394,0.998615,1.002104,1.003193
3/20/20,0.992461,0.997368,0.996437,0.996585,0.997556
3/21/20,1.006428,1.000695,1.000608,1.000914,1.00095
3/22/20,0.971302,1.000046,0.994104,0.995936,0.999032
3/23/20,1.036931,0.99056,0.989389,0.991021,0.996812
3/24/20,1.004994,0.996672,0.994602,0.995982,1.000473
3/25/20,1.00285,0.996131,0.995455,0.997522,0.998594
3/26/20,1.016363,0.995484,0.993814,0.994056,0.998483
3/27/20,0.999469,1.013924,1.011517,1.012164,1.013318
3/28/20,1.003045,0.997455,0.995121,0.996872,0.999704
3/29/20,0.981289,1.002456,0.997052,0.978038,1.001963
3/30/20,1.019009,1.004268,1.002408,1.005466,1.006534
3/31/20,1.010974,1.001206,0.998235,1.001334,1.003027
4/1/20,1.022713,0.996243,1.000196,0.995747,1.004746
4/2/20,1.019235,0.9991,0.99824,0.999603,1.000717
4/3/20,1.002333,1.000962,0.998115,1.000666,1.001712
4/4/20,1.0173,1.000295,1.000541,1.001581,1.004113
4/5/20,1.010208,1.000174,0.999247,1.001514,1.00285
4/6/20,1.049618,0.991834,0.991527,0.996729,0.992833
4/7/20,1.0182,0.997922,0.996855,0.996328,0.998629
4/8/20,1.019663,0.996867,0.997487,0.995846,0.999124
4/9/20,1.016835,1.001679,1.001689,1.001512,1.003465
4/10/20,0.996717,0.999696,0.998556,0.998971,1.000793
4/11/20,0.999656,0.996714,0.996322,0.995007,0.998116
4/12/20,1.010076,1.008856,1.006921,1.004065,1.008169
4/13/20,1.010103,0.997535,0.997164,0.998423,1.000327
4/14/20,0.993395,0.995852,0.994352,0.995927,0.996806
4/15/20,0.983652,1.00039,0.998699,0.999661,0.999529
4/16/20,1.024618,1.000916,1.001615,1.001097,1.002719
4/17/20,1.014324,1.006105,1.005144,1.005643,1.006742
4/18/20,1.015588,0.998533,0.998086,0.999885,1.000777
4/19/20,1.011486,1.006723,1.006519,1.006058,1.007704
4/20/20,0.992598,1.003233,1.002407,1.002189,1.004804
4/21/20,1.010533,1.003944,1.004067,1.002433,1.006456
4/22/20,1.01522,0.998745,0.99964,1.000529,1.000911
4/23/20,1.000119,0.99647,0.997102,0.993808,0.997692
4/24/20,1.01367,1.00643,1.006694,1.006198,1.007932
4/25/20,1.021011,1.003452,1.004139,1.003966,1.00468
4/26/20,1.009847,0.997728,0.998293,0.998956,1.000312
4/27/20,1.009207,1.001375,1.001586,1.002315,1.004091
4/28/20,1.003831,1.005645,1.005781,1.004224,1.007822
4/29/20,1.020336,1.004205,1.006703,1.005151,1.008123
4/30/20,0.999697,1.004637,1.00477,1.001821,1.005112
5/1/20,1.006153,1.006006,1.006618,1.00492,1.008137
5/2/20,1.005229,1.000348,1.001929,1.002509,1.003478
5/3/20,0.993301,1.000226,1.001347,0.999296,1.003508
5/4/20,1.007818,1.003692,1.003652,1.002652,1.006109
5/5/20,1.012266,0.999129,1.001309,0.999119,1.000856
5/6/20,0.997923,1.013558,1.014171,1.008073,1.017931
5/7/20,1.008746,0.995662,1.000509,1.000924,1.002895
5/8/20,1.003795,1.000421,1.001682,1.003993,1.003764
5/9/20,1.002737,1.004635,1.000021,1.002113,1.004818
5/10/20,1.00913,1.000337,0.998969,1.001693,1.001055
5/11/20,0.993176,0.99969,0.998855,0.997321,0.998364
5/12/20,1.002202,1.001052,0.998928,1.001192,1.000735
5/13/20,1.023432,0.995104,0.997475,1.001011,1.000232
5/14/20,1.00795,0.996445,0.99805,0.996883,0.99886
5/15/20,0.985713,1.00381,1.004958,1.002948,1.003972
5/16/20,1.002965,0.999822,0.998841,0.999336,1.000194
5/17/20,0.993896,1.001567,1.000916,1.001594,1.00159
5/18/20,0.999346,1.001057,1.000536,1.00131,1.001351
5/19/20,0.995255,0.99495,0.995841,0.995395,0.996019
5/20/20,1.001544,1.001305,1.000133,0.999987,0.998948
5/21/20,0.996533,1.004035,1.000027,1.001998,1.002001
5/22/20,1.008696,1.003469,1.001965,1.003144,1.002287
5/23/20,1.002543,1.005347,1.00227,1.0046,1.005538
5/24/20,0.986584,1.002182,0.998286,1.002402,1.001089
5/25/20,0.996449,1.002561,0.998611,1.002305,1.003199
5/26/20,0.998869,0.998511,0.996208,0.999371,0.998008
5/27/20,1.009444,1.002582,1.000047,1.00233,1.004554
5/28/20,1.013366,0.998383,1.000229,0.998959,1.001153
5/29/20,1.002004,1.002686,1.002415,1.002419,1.003355
5/30/20,1.009911,1.000452,1.001033,1.003276,1.000403
5/31/20,0.99234,0.999092,0.999339,1.002469,0.998033
6/1/20,1.017489,0.997965,1.002304,1.002444,1.001121
6/2/20,0.994994,0.999203,1.000789,0.998905,0.997524
6/3/20,1.002075,1.000871,1.000404,0.999941,1.000006
6/4/20,1.00534,1.002409,1.002969,1.001372,1.002509
6/5/20,0.999552,1.003701,1.003323,1.002861,1.003026
6/6/20,0.999141,0.99833,0.998869,0.99827,0.999303
6/7/20,1.007136,1.001502,1.002925,1.001671,1.003014
6/8/20,1.002613,0.999305,1.000376,0.998395,1.002137
6/9/20,1.004278,1.002784,1.003837,1.002923,1.003469
6/10/20,1.005391,0.999239,1.000488,0.999465,1.001436
6/11/20,1.005477,1.002841,1.003475,1.002308,1.000601
6/12/20,0.99747,1.002152,1.002573,1.001494,1.003115
6/13/20,0.997686,1.00143,1.001997,1.001023,1.002078
6/14/20,1.009588,1.005689,1.005126,1.004573,1.005447
6/15/20,1.004995,1.001253,1.000668,1.000926,1.002178
6/16/20,1.004576,1.000309,1.00086,1.000151,1.000333
6/17/20,1.005451,1.001613,1.002,1.00118,1.000372
6/18/20,1.005358,1.004451,1.003523,1.002308,1.002018
6/19/20,0.997346,0.997294,0.997418,0.99849,0.993829
6/20/20,1.00239,0.998932,0.999167,0.999228,0.998884
6/21/20,0.999205,1.002851,1.002094,1.002209,1.001363
6/22/20,1.007794,0.997128,0.997664,0.99619,0.997925
6/23/20,1.008134,1.002762,1.002751,1.001976,1.003038
6/24/20,0.997314,1.001228,1.003052,1.001755,1.000303
6/25/20,0.999109,1.001261,1.00227,1.000062,1.000102
6/26/20,0.997201,1.000054,0.999828,0.999839,0.998956
6/27/20,1.001365,1.004163,1.005517,1.003824,1.004031
6/28/20,1.002704,1.001838,1.009188,1.002911,1.002515
6/29/20,1.004528,0.999887,1.000462,0.999404,1.001984
6/30/20,1.002583,1.000043,1.000404,0.999703,0.999904
7/1/20,1.007784,0.999874,1.000632,1.000325,1.001561
7/2/20,1.01153,1.008633,1.008802,1.005746,1.015718
7/3/20,1.009977,1.00019,0.999843,1.000238,0.999521
7/4/20,1.011424,0.999809,1.000166,0.999576,1.001078
7/5/20,1.007095,0.998448,0.99865,0.997817,0.998899
7/6/20,1.017834,0.998447,0.999908,0.999207,1.000236
7/7/20,1.006906,0.99989,1.000418,1.000145,0.999207
7/8/20,1.016262,0.999198,0.999935,0.999224,0.99986
7/9/20,1.01689,1.003737,1.004535,1.003674,1.003075
7/10/20,1.015274,0.999826,1.000539,0.99993,0.999986
7/11/20,1.014198,1.001008,1.000736,1.000822,1.001052
7/12/20,1.01629,0.998006,0.998243,0.998243,0.998634
7/13/20,1.011919,1.001755,1.001498,1.002431,0.999552
7/14/20,1.008029,0.998961,0.998641,0.998808,0.999046
7/15/20,1.004681,1.000174,1.000325,0.999521,0.999444
7/16/20,1.007891,1.001941,0.999598,0.999943,0.99998
7/17/20,1.003133,0.999727,1.000103,0.999219,0.999616
7/18/20,1.004955,0.999584,0.998222,0.997559,0.998795
7/19/20,1.00677,0.997411,0.998399,0.997108,0.998352
7/20/20,1.007919,0.999265,0.999534,0.99883,1.000602
7/21/20,1.011406,0.997551,0.998412,0.997548,0.998894
7/22/20,1.028251,0.998992,0.999539,1.0007,1.000877
7/23/20,1.030191,0.996816,0.997645,0.997655,0.998186
7/24/20,1.03226,0.9977,0.998702,0.998066,0.998993
7/25/20,1.011493,0.996886,0.998862,0.997805,0.998062
7/26/20,1.007444,0.99707,0.998116,0.997417,0.998871
7/27/20,1.014717,0.998961,1.000496,0.998513,1.001097
7/28/20,1.022072,0.998522,0.99915,0.998609,1.000854
7/29/20,1.032221,0.999763,1.000095,1.00005,1.00254
7/30/20,1.03486,1.000734,1.001384,0.999816,1.001863
7/31/20,1.027497,0.998665,1.000282,1.006483,1.000141
8/1/20,1.016616,0.99507,0.997145,0.996376,0.997013
8/2/20,1.010088,0.998466,0.998958,0.997364,0.997851
8/3/20,1.009313,1.001445,1.000518,1.000051,1.001414
8/4/20,1.006845,1.000905,1.001801,1.00005,1.000399
8/5/20,1.02103,1.001765,1.003896,1.000128,1.003089
8/6/20,1.018627,1.000993,1.002053,1.000237,1.000175
8/7/20,1.013436,1.000386,1.002223,1.000269,1.002846
8/8/20,1.013265,0.998057,1.001494,0.999428,1.000164
8/9/20,1.021285,1.001262,1.003059,1.00176,1.00317
8/10/20,1.020906,0.999427,1.001772,1.002072,1.001059
8/11/20,1.013417,1.001817,1.003127,1.001999,1.003691
8/12/20,1.009706,1.007325,1.007765,1.004198,1.013791
8/13/20,1.028109,1.009922,1.013998,1.005012,1.02021
8/14/20,1.008071,0.999524,1.001057,0.999605,1.001024
8/15/20,1.002669,1.000359,0.999909,0.998965,1.001032
8/16/20,1.010673,0.999601,1.003191,0.999266,1.001881
8/17/20,1.005196,0.997662,0.997066,0.998022,1.000111
8/18/20,1.004445,1.002085,1.001507,1.00134,1.00272
8/19/20,1.005261,1.000603,1.001939,1.001581,1.002408
8/20/20,1.008374,0.99999,1.000911,0.99972,1.000409
8/21/20,1.004969,1.004898,1.004442,1.002434,1.004549
8/22/20,1.000185,1.000107,1.000748,0.999939,1.000956
8/23/20,1.001674,1.001509,1.001331,0.999468,1.002345
8/24/20,1.01441,1.000862,1.000704,1.00063,1.001976
8/25/20,1.015916,1.001439,1.001008,1.001707,1.002365
8/26/20,1.012932,1.001434,1.001352,1.001392,1.001853
8/27/20,1.009042,1.00154,1.001543,1.001289,1.002206
8/28/20,1.014956,1.000704,1.003079,1.001707,1.002036
8/29/20,1.028799,1.001371,1.001805,1.002604,1.002824
8/30/20,1.027106,1.000125,1.003572,1.001255,1.001173
8/31/20,1.022426,1.002064,1.004338,1.003909,1.003191
9/1/20,1.012708,1.003419,1.004177,1.001186,1.003957
9/2/20,1.005184,1.001253,1.000069,1.000191,1.001828
9/3/20,1.026948,1.004406,1.001542,1.003031,1.005495
9/4/20,1.02558,1.00332,1.003916,1.003459,1.003686
9/5/20,1.029191,1.001378,1.004697,1.004733,1.000151
9/6/20,1.02035,1.003037,1.00338,1.00108,1.002838
9/7/20,1.027536,1.000138,1.001337,1.001541,1.000537
9/8/20,1.031309,1.001163,1.002085,1.003494,1.001025
9/9/20,1.031362,1.001898,1.00281,1.00189,1.002102
9/10/20,1.042337,1.000363,1.002842,1.002741,1.001457
9/11/20,1.043515,1.000773,1.004219,1.001511,1.001517
9/12/20,1.033794,1.000419,1.002963,1.001717,1.001307
9/13/20,1.026638,0.998983,0.999107,1.001317,0.999213
9/14/20,1.031426,1.000962,1.003519,1.001939,1.001289
9/15/20,1.028463,1.002216,1.001509,1,1.002487
9/16/20,1.014336,1.002578,1.00562,0.997973,1.003444
9/17/20,1.020876,1.000572,1.002212,1.000429,1.001878
9/18/20,1.020798,1.000484,1.00376,0.999641,0.999502
9/19/20,1.017976,1.00109,1.005451,1.0014,1.002017
9/20/20,1.013014,1.002904,1.004629,1.001182,1.002654
9/21/20,1.013868,1.002124,1.003844,1.001843,1.003263
9/22/20,1.011652,1.001153,1.003576,1.00026,1.001444
9/23/20,1.012422,1.0002,1.00183,1.000996,1.000923
9/24/20,1.012208,1.0001,1.001933,1.000224,1.001268
9/25/20,1.010655,1,1.002191,1.00036,1.001468
9/26/20,1.011827,1,1.002672,1.000563,1.001832
9/27/20,1.010192,1.0002,1.001666,1.000474,1.001486
9/28/20,1.011607,1,1.002306,1.000125,1.001121
9/29/20,1.008569,1.0001,1.002796,1.000551,1.000854
9/30/20,1.010391,1.0001,1.002669,1.000564,1.001364
10/1/20,1.007551,1.0002,1.002446,1.000816,1.000699
10/2/20,1.013092,1,1.001008,1.000497,1.001049
10/3/20,1.009432,1.0002,1.000937,1.000973,1.001108
10/4/20,1.010881,1.0002,1.001235,1.000369,1.001359
10/5/20,1.012575,1,1.000414,1.000472,1.000866
10/6/20,1.011165,1,1.000459,1.000883,1.000448
10/7/20,1.006839,1.0001,1.000338,1.000168,1.000707
10/8/20,1.010313,1.0003,1.000908,1.000431,1.001252
10/9/20,1.011731,1.0001,1.000914,1.000727,1.00118
10/10/20,1.01171,1.0002,1.000368,1.000291,1.000884
10/11/20,1.007253,1.0001,1.000451,1.000751,1.000734
10/12/20,1.011544,1,1.000876,1.000391,1.001302
10/13/20,1.009135,1,1.00063,1.00043,1.001111
10/14/20,1.008179,1.0001,1.000624,1.000803,1.001007
10/15/20,1.011332,1,1.000301,1.000452,1.000796
10/16/20,1.009288,1.0002,1.000563,1.000643,1.001047
10/17/20,1.007517,1.0001,1.000499,1.000444,1.000697
10/18/20,1.006689,1.0001,1.000435,1.000431,1.000784
10/19/20,1.011863,1.0001,1.000275,1.000638,1.000853
10/20/20,1.008161,1.0004,1.000068,1.000439,1.000985
10/21/20,1.008075,1,1.000446,0.999956,1.001834
10/22/20,1.008214,0.9998,0.99959,0.999993,1.001091
10/23/20,1.008546,1.0001,0.999875,1.000313,1.000657
10/24/20,0.999532,1,1.000206,0.999928,1.000909
10/25/20,0.996878,1,0.999675,1.000195,1.000721
10/26/20,1.006544,1,0.999294,1.000176,1.000958
10/27/20,1.005022,1.0001,0.99975,0.999995,1.000223
10/28/20,1.009405,1.0001,0.999325,1.000082,1.00034
10/29/20,1.01168,0.9999,0.999384,1.000146,1.000349
10/30/20,1.007328,0.9999,0.999848,1.000265,1.000904
10/31/20,1.006116,0.9999,0.998134,1.000278,1.0002
11/1/20,0.99919,0.9999,0.997442,1.000304,1.000379
11/2/20,0.998656,0.9999,0.999395,1.000268,1.000523
11/3/20,1.008562,1,0.999513,0.999972,1.000552
11/4/20,1.008484,1,0.999144,1.000348,1.001079
11/5/20,1.007418,1,0.999002,0.999988,1.00042
11/6/20,1.008214,0.9999,0.998729,1.000141,1.000296
11/7/20,1.008938,0.9999,1.000385,1.000101,1.001576
11/8/20,1.008613,0.9998,0.999946,0.999957,1.000846
11/9/20,1.007248,0.9999,0.999377,0.999932,1.000653
11/10/20,1.006505,0.9999,0.999624,1.000325,1.001127
11/11/20,1.007489,1.0001,0.99934,1.00015,1.000985
11/12/20,1.005264,1.0001,0.999079,0.999207,1.000509
11/13/20,1.004716,0.9999,0.998317,1.000012,1.000345
11/14/20,1.003079,0.9997,0.998362,1.000224,1.000288
11/15/20,1.002197,1,0.999149,1.000168,1.000647
11/16/20,1.001626,0.9999,0.999495,1.000162,1.000412
11/17/20,1.002765,1,0.999459,1.000076,1.00084
11/18/20,0.999647,0.9998,0.998555,1.000121,1.000399
11/19/20,1.001462,0.9998,0.999472,1.000188,1.000781
11/20/20,1.00309,0.9997,0.99947,1.000039,1.000427
11/21/20,1.002645,0.9996,0.997626,0.999992,0.998874
11/22/20,1.001521,1,0.998052,0.999978,0.999203
11/23/20,1.002363,0.9998,0.999061,0.99982,1.000092
11/24/20,1.001067,0.9999,0.998652,0.99983,0.999808
11/25/20,1.001239,1,0.999722,1.000053,1.000053
11/26/20,1.004435,1.0002,1.000485,1.000235,1.002035
11/27/20,1.002698,1.0004,1.000486,1.000769,1.0012
11/28/20,1.002362,0.9997,0.999603,1.000043,1.001001
11/29/20,1.003909,1,0.999668,1.000073,1.00089
11/30/20,1.006447,0.9998,0.999609,1.000192,1.000377
12/1/20,1.004682,1,1.000454,1.000227,1.001323
12/2/20,1.003746,1.0002,0.9999,1.000052,1.000671
12/3/20,1.003665,1.0002,1.000089,0.999988,1.00084
12/4/20,1.003605,1.0001,0.999687,1.000054,1.000237
12/5/20,1.004449,1,0.99964,1.000024,1.000545
12/6/20,1.005149,1,1.00023,1.00027,1.001203
12/7/20,1.004513,1.0001,0.999674,1.000008,1.000571
12/8/20,1.004921,1,0.999527,1.000102,0.999706
12/9/20,1.004222,1.0001,0.999767,1.000789,1.000384
12/10/20,1.00412,1,0.999728,1.000046,1.000253
12/11/20,1.002888,1.0002,1.000145,0.999993,1.000458
12/12/20,1.0023,1.0002,0.999535,1.000001,1.000464
12/13/20,1.002179,0.9999,0.999711,0.999888,0.999952
12/14/20,1.001571,1.0003,1.000117,0.999972,0.999932
12/15/20,1.001575,1.0002,1.000395,1.000232,1.000917
12/16/20,1.001785,0.9999,0.998739,0.999866,0.999979
12/17/20,1.002091,0.9999,0.999318,0.999829,0.999838
12/18/20,1.002101,1.0001,0.999508,0.999897,1.000868
12/19/20,1.001816,0.9999,0.999304,0.99996,1.000499
12/20/20,1.000758,1.0001,0.998663,0.999893,0.999643
12/21/20,1.000577,0.9997,0.999417,0.999866,0.999827
12/22/20,1.000801,1,0.999371,0.999971,0.999641
12/23/20,1.0026,1,0.998474,0.999939,0.999426
12/24/20,1.002792,0.9996,1.000076,1.000074,0.999931
12/25/20,1.003095,0.9999,1.000081,1.00019,1.000168
12/26/20,1.001908,0.9996,0.998152,0.999733,0.998481
12/27/20,1.002892,1.001,0.999845,1.000079,0.998854
12/28/20,1.003464,0.9998,1.000162,1.000101,0.998603
12/29/20,1.003313,1.0002,0.999488,0.999978,0.99859
12/30/20,1.003384,1.0002,1.00016,1.000011,1.000275
12/31/20,1.00376,1.0005,0.999268,0.999807,1.000598
1/1/21,1.004487,1.0001,1.000057,0.999823,1.001916
1/2/21,1.000922,0.9998,1.000323,1.000162,1.0006
1/3/21,1.001398,0.9999,0.999699,0.999736,1.000514
1/4/21,1.001232,0.9998,0.999749,0.999372,1.000128
1/5/21,1.002286,1.0001,0.999705,0.999749,1.002202
1/6/21,1.001626,1.0002,0.99966,0.999681,1.001528
1/7/21,0.99975,0.9999,0.99951,0.997912,1.0004
1/8/21,1.000168,1.0001,0.999544,0.999684,1.000045
1/9/21,1.001244,1.0003,0.99954,0.999777,1.002947
1/10/21,0.999698,0.9999,1.000215,1.00009,1.000223
1/11/21,1.001016,1.0005,1.001234,0.999951,1.000587
1/12/21,1.00058,0.9999,1.000989,1.000598,1.000414
1/13/21,1.000405,1.0003,1.000307,0.999811,1.000017
1/14/21,1.001888,0.9999,0.999894,1.000115,0.998964
1/15/21,1.001253,1.0002,1.000076,1.000085,0.999845
1/16/21,1.000746,1.0001,1.000456,1.000134,1.000195
1/17/21,1.000685,0.9998,1.000884,1.000455,1.000414
1/18/21,1.000857,0.9999,1.000482,1.000566,1.000804
1/19/21,1.000242,1.0001,1.001341,1.000041,1.000436
1/20/21,1.000915,0.9999,1.000539,0.999977,1.000686
1/21/21,1.000413,0.9998,1.000312,1.000419,0.999696
1/22/21,1.001477,1.0002,1.000446,1.000275,1.00135
1/23/21,1.003137,0.9999,0.999798,1.000006,1.000555
1/24/21,1.001979,1,1.000325,1.000162,1.001417
1/25/21,1.000447,1.0001,0.99979,1.000044,0.999971
1/26/21,1.000886,1.0001,1.000177,1.00007,1.001081
1/27/21,1.000897,1.0001,0.999702,1.000018,1.001764
1/28/21,1.00059,1.0003,0.99942,0.999578,1.001543
1/29/21,0.999659,0.9998,0.999988,0.999971,1.000486
1/30/21,1.000706,0.9998,1.000067,1.000026,1.001243
1/31/21,1.000277,1.0001,0.999863,0.999961,1.000808
2/1/21,1.000798,1.0001,0.999972,0.999946,1.000645
2/2/21,1.001384,0.9999,1.000269,1.000421,1.001427
2/3/21,1.000695,0.9999,0.999644,0.999751,1.001013
2/4/21,1.000362,1,0.999556,0.999741,1.000804
2/5/21,1.000306,1,0.999003,0.999945,1.000131
2/6/21,1.001059,0.9998,0.999094,0.999997,1.001129
2/7/21,1.001655,0.9999,0.999515,0.999886,1.001211
2/8/21,1.00128,0.9999,0.999887,0.999797,1.001044
2/9/21,1.00144,1.0003,1.000108,1.00004,1.001232
2/10/21,1.00107,0.9998,1.000064,1.000017,1.000722
2/11/21,1.000951,1.0002,0.999365,0.999844,1.000367
2/12/21,1.001725,0.9999,0.999401,0.999824,1.001692
2/13/21,1.001179,1.0002,0.999377,0.999861,1.000828
2/14/21,1.0018,1.0002,0.999882,1.000025,1.000746
2/15/21,1.001136,0.9999,0.999547,1.000039,1.00025
2/16/21,1.001228,0.9997,0.999706,1.000114,1.000403
2/17/21,1.001083,1.0001,0.999867,0.999841,1.00037
2/18/21,1.000891,1.0001,0.999861,1.000046,1.000019
2/19/21,1.001204,1.0005,0.99987,1.000051,1.000201
2/20/21,1.000677,1,0.999637,0.999852,1.000068
2/21/21,1.000797,1.0004,0.999372,0.999945,1.000332
2/22/21,1.00051,1,0.999859,1.000074,1.000111
2/23/21,1.001322,1.0002,1.000104,1.000221,1.000032
2/24/21,1.001617,1.0002,1.000225,1.000229,1.000757
2/25/21,1.001109,0.9997,0.99875,1.000072,1.000149
2/26/21,1.001157,1.0002,0.999729,0.999986,0.999994
2/27/21,1.001898,1.0002,1.000108,1.000031,1.001178
2/28/21,1.003014,0.9999,1.000619,1.000296,1.002115
3/1/21,1.001323,1.0001,0.999565,0.999757,1.000409
3/2/21,1.001244,1,0.999907,1.000078,1.001022
3/3/21,1.000955,0.9999,0.999324,1.000002,1.000417
3/4/21,1.001454,1,1.000337,1.000163,1.000074
3/5/21,1.00169,0.9999,1.0004,1.000277,1.000819
3/6/21,1.001068,1,0.999784,0.999881,1.00019
3/7/21,1.00064,0.9999,0.99983,0.999994,1.000318
3/8/21,1.000586,1.0001,0.999482,0.999984,1.000432
3/9/21,1.001164,1.0002,0.999734,1.000074,1.000668
3/10/21,1.001186,0.9999,1.000473,1.000052,1.000526
3/11/21,1.000912,0.9999,0.999802,1.000129,1.000583
3/12/21,1.001833,1.0001,0.999265,1.000174,1.000343
3/13/21,1.001236,1,0.999909,1.000232,0.999845
3/14/21,1.0018,0.9998,0.999596,0.999998,0.999791
3/15/21,1.00238,1.0001,1.00009,1.000084,1.000374
3/16/21,1.001224,1.0001,0.999838,0.999994,1.000058
3/17/21,1.005264,0.998769,0.999984,0.998902,0.999083
3/18/21,1.002376,1.001258,1.002346,1.000994,1.000925
3/19/21,1.003674,1.00294,1.003778,1.002438,1.002632
3/20/21,1.004374,1.002396,1.003632,1.002151,1.00223
3/21/21,1.000428,1.000847,1.000894,1.000962,1.00128
3/22/21,0.999621,1.001561,1.002434,1.00131,1.001811
3/23/21,1.004529,1.000939,1.002955,1.000804,1.001195
3/24/21,1.001911,1.001713,1.003249,1.001554,1.001301
3/25/21,1.00243,1.000769,1.002953,1.00083,1.001016
3/26/21,1.005093,1.001004,1.001905,1.000801,1.001222
3/27/21,1.003627,1.000474,1.001747,1.000274,1.000601
3/28/21,1.001467,1.001017,1.001995,1.000792,1.000607
3/29/21,1.003366,0.999985,1.001034,1.000024,0.999759
3/30/21,1.003923,1.000521,1.001947,1.000558,1.000896
3/31/21,1.003806,0.999592,1.002485,0.999605,1.00002
4/1/21,1.003512,1.001025,1.004265,1.000869,1.000464
4/2/21,1.004786,1.000484,1.003924,1.00035,1.000576
4/3/21,1.003667,1.003117,1.006556,1.002791,1.003085
4/4/21,1.006713,1.003338,1.007976,1.002957,1.003402
4/5/21,1.0002,1.000096,1.00008,1.000045,1.000254
4/6/21,1.001357,1.001764,1.001568,1.001423,1.00168
4/7/21,1.002253,1.002383,1.002283,1.002237,1.001855
4/8/21,1.006115,1.000302,1.002668,1.00024,1.000167
4/9/21,1.002194,1.001704,1.001514,1.001493,1.001098
4/10/21,1.001763,1.000771,1.000756,1.000591,1.000469
4/11/21,1.003211,1.003,1.003036,1.00287,1.002177
4/12/21,0.999958,1.000488,1.000456,1.000371,0.999937
4/13/21,0.999786,0.999099,0.999075,0.999456,0.999275
4/14/21,1.002131,1.001572,1.001604,1.001436,1.00159
4/15/21,1.001731,1.000398,1.000156,1.000326,1.000877
4/16/21,1.002481,1.001119,1.001087,1.001033,1.002345
4/17/21,1.01031,1.010413,1.010422,1.010496,1.01153
4/18/21,0.999159,1.000051,0.998031,1.000095,1.000104
4/19/21,0.999281,1.000088,0.999538,0.999967,0.999865
4/20/21,0.999546,1.000099,0.998991,1.000054,0.999938
4/21/21,0.99996,1.000093,0.999774,1.000134,0.999932
4/22/21,0.999529,0.999995,0.999768,1.000028,1.00009
4/23/21,1.000433,1.000004,0.999157,0.999978,1.000162
4/24/21,0.999708,0.999845,0.998934,1.000065,0.999909
4/25/21,1.000371,1.000191,0.999122,1.000179,0.999934
4/26/21,1.000815,0.999835,0.999498,0.999987,1.000042
4/27/21,1.000874,1.000114,0.99916,0.999927,1.000062
4/28/21,1.000746,1.000032,0.999573,1.000199,1.000052
4/29/21,0.999947,0.999828,0.999538,1.000144,0.999966
4/30/21,1.000065,0.999809,0.999018,0.999824,1.000009
5/1/21,1.00126,1.000078,0.999217,1.000154,1.000111
5/2/21,0.999577,1.000156,0.999477,0.999949,1.000132
5/3/21,1.000712,1.000184,0.99941,1.000104,1.000165
5/4/21,1.000192,1.000198,0.999672,1.000195,0.999951
5/5/21,1.00068,0.999833,0.998964,1.000118,0.999875
5/6/21,0.999667,0.999853,0.99924,1.000055,1.000169
5/7/21,1.000348,1.000151,0.998866,1.000077,1.000166
5/8/21,1.000822,1.000063,0.998696,1.000034,1.000078
5/9/21,1.000295,1.000132,0.999146,1.000052,1.000058
5/10/21,1.000297,0.999801,0.99929,1.000017,1.000137
5/11/21,1.000578,0.999855,0.99893,1.000167,0.999967
5/12/21,0.999817,0.999955,0.999992,1.000097,0.999993
5/13/21,1.000665,1.0001,1.000091,0.999824,0.999868
5/14/21,0.999864,0.999959,0.998672,0.999962,0.999965
5/15/21,0.999264,1.000031,0.99949,1.00009,0.999823
5/16/21,1.000158,1.000175,0.999646,1.000155,0.999975
5/17/21,1.000208,1.000152,0.99974,1.0001,0.999802
5/18/21,1.000168,0.999925,0.999884,1.000018,1.00068
5/19/21,1.000639,0.999839,0.999034,0.999926,1.001616
5/20/21,1.001125,0.999802,0.999747,0.99988,1.001852
5/21/21,1.001472,1.000176,1.000041,1.000417,1.001888
5/22/21,1.000927,1.000763,1.000511,1.000807,1.001555
5/23/21,1.001822,1.000119,1.000103,1.000422,1.001674
5/24/21,1.001469,1.000252,1.000414,1.000287,1.001472
5/25/21,1.001219,1.00001,1.000223,0.99993,1.001149
5/26/21,1.002009,1.00046,1.00075,1.000418,1.001766
5/27/21,1.000651,1.000003,0.999896,1.000249,1.000991
5/28/21,1.000915,1.000292,1.000067,1.000196,1.000481
5/29/21,1.000241,0.999696,0.999867,0.999901,1.000392
5/30/21,1.000438,0.99946,0.99963,0.999498,1.000063
5/31/21,1.001447,1.000104,1.000259,1.000264,1.000533
6/1/21,1.001205,1.000303,1.000258,1.000025,1.000109
6/2/21,1.001388,1.000353,1.000356,1.000277,1.00055
6/3/21,1.001582,1.000321,1.000489,1.000242,1.000571
6/4/21,1.001273,1.000801,1.000598,1.000749,1.001038
6/5/21,1.001037,1.00021,1.000206,1.000184,1.000313
6/6/21,1.001932,1.000599,1.000764,1.000577,1.00084
6/7/21,1.001249,1.000367,1.000576,1.00054,1.000789
6/8/21,1.001362,1.000536,1.000531,1.000497,1.00119
6/9/21,1.001103,0.999978,0.999928,0.99995,1.000572
6/10/21,1.001286,1.000501,1.000204,1.000317,1.000738
6/11/21,1.001335,1.000398,1.00063,1.000435,1.000511
6/12/21,1.001714,1.001104,1.001116,1.001136,1.00114
6/13/21,1.001129,0.99948,0.99973,0.99963,0.999733
6/14/21,1.001339,1,1.000032,1.00003,1.000626
6/15/21,1.001277,1.000214,1.000139,1.000284,1.000377
6/16/21,1.00056,1.000343,1.000388,1.000168,1.000023
6/17/21,1.001501,1.000779,1.000785,1.000717,1.000745
6/18/21,1.002437,1.001289,1.00134,1.001384,1.001749
6/19/21,1.001712,1.001425,1.00135,1.001386,1.001451
6/20/21,1.002035,1.001028,1.001191,1.000962,1.000875
6/21/21,1.001174,1.000393,1.000346,1.00026,1.000089
6/22/21,1.001611,1.00073,1.000643,1.000805,1.001002
6/23/21,1.001306,1.000477,1.000545,1.00047,1.000746
6/24/21,1.000631,1.000168,1.000222,1.000126,1.000149
6/25/21,1.000603,1.000022,0.999992,1.000017,0.999845
6/26/21,1.003004,1.001417,1.001643,1.001436,1.001214
6/27/21,1.002501,1.000514,1.000612,1.000591,1.000642
6/28/21,1.000639,0.999945,0.999962,0.999925,0.999928
6/29/21,1.0012,1.00012,1.000224,1.000066,1.000024
6/30/21,1.001506,0.999985,1.000125,1.000089,1.000216
7/1/21,1.000327,1.000151,0.999971,1.000192,1.000226
7/2/21,1.001274,1.000083,1.000107,1.000035,1.000033
7/3/21,1.001029,0.9998,0.99995,0.999984,0.999956
7/4/21,1.000591,0.999373,0.999252,0.9995,0.999501
7/5/21,1.001195,1.000414,1.00047,1.000528,1.000667
7/6/21,1.000658,1.000021,1.00001,1.000059,1.00009
7/7/21,1.000358,1.000484,1.000315,1.00037,1.000708
7/8/21,1.000016,0.999917,0.999996,0.999945,0.9999
7/9/21,1.000153,0.99984,0.999718,0.999831,0.999639
7/10/21,1.000011,1.000084,0.999995,1.000154,0.99998
7/11/21,1.000652,1.000263,1.00038,1.000268,1.000225
7/12/21,1.000492,1.000376,1.000134,1.000372,1.000271
7/13/21,1.000566,1.000058,1.000265,1.00014,0.9999
7/14/21,1.001324,1.000052,1.000197,0.999954,1.000135
7/15/21,1.000791,1.000033,1.000028,1.000146,0.999947
7/16/21,1.000388,1.000295,1.000259,1.000336,1.000373
7/17/21,1.00112,1.000417,1.000226,1.000495,1.000552
7/18/21,1.001185,1.000489,1.000479,1.000574,1.000621
7/19/21,1.000392,1.000117,0.99997,1.000259,1.000093
7/20/21,1.001171,1.000189,1.000196,1.000275,1.000297
7/21/21,1.001529,1.000243,1.000275,1.000201,1.000266
7/22/21,1.002083,1.000287,1.000402,1.000292,1.000217
7/23/21,1.001689,1.000135,1.000059,1.000065,1.000326
7/24/21,1.001411,1.000216,1.000414,1.000233,1.000698
7/25/21,1.001346,0.999613,0.999835,0.999587,1.000163
7/26/21,1.000698,0.999866,0.999794,1.000108,1.000254
7/27/21,1.002041,0.999865,1.000057,1.000019,1.000132
7/28/21,1.000982,0.999969,1.000003,0.999798,1.000117
7/29/21,1.001404,1.00004,0.999887,1.000208,1.000278
7/30/21,1.001834,0.999913,1.000001,0.999843,1.000283
7/31/21,1.001173,0.999785,0.999884,0.999847,1.000272
8/1/21,1.000941,1.000123,0.999983,1.000161,1.000341
8/2/21,1.001421,1.000372,1.000346,1.000286,1.00054
8/3/21,1.00063,1.000361,1.000358,1.000244,1.000304
8/4/21,1.000634,1.000182,1.000208,1.000063,1.000094
8/5/21,1.000351,0.999754,0.999467,0.999597,1.000097
8/6/21,1.001553,0.999866,1.000132,0.999811,1.000382
8/7/21,1.001239,0.999786,0.999886,0.999857,1.000386
8/8/21,1.000139,0.999467,0.999421,0.999589,1.000249
8/9/21,1.000802,0.999941,0.999823,0.999833,1.000153
8/10/21,1.000509,0.999937,1.000051,0.999937,1.000315
8/11/21,1.000566,1.000022,1.000146,0.999923,1.000535
8/12/21,1.001461,1.000218,1.000136,1.000092,1.000542
8/13/21,1.001851,0.999693,0.999603,0.999514,1.00026
8/14/21,1.001117,0.999949,1.000016,0.999954,1.000586
8/15/21,1.001467,0.999844,0.999929,0.999849,1.000643
8/16/21,1.000358,1.000071,1.000152,1.000102,1.000438
8/17/21,1.00005,1.000233,1.000267,1.000329,1.000219
8/18/21,1.000307,1.000211,1.000308,1.000237,1.000474
8/19/21,1.001374,0.99978,0.999631,0.999649,0.999685
8/20/21,1.001295,1.000245,1.000431,1.000311,1.000668
8/21/21,1.0003,1.000006,0.999794,0.999866,1.00071
8/22/21,1.001344,1.000184,1.000197,1.000167,1.000879
8/23/21,1.001062,1.000569,1.000383,1.00046,1.000801
8/24/21,1.000638,1.000175,1.000203,1.000197,1.000263
8/25/21,1.001198,1.000081,1.000118,1.000037,1.000359
8/26/21,1.000157,1.000083,1.000108,1.000165,1.00043
8/27/21,1.001233,1.000032,1.000008,0.999892,1.000355
8/28/21,1.00059,0.999954,1.000048,1.000037,1.000627
8/29/21,1.000929,1.000441,1.000476,1.000498,1.001225
8/30/21,1.000529,1.000273,1.000033,1.000288,1.000508
8/31/21,1.000683,1.000159,1.000222,1.000214,1.000529
9/1/21,1.001651,0.999953,1.000018,0.999819,1.000321
9/2/21,1.00013,0.999984,0.999839,1.000021,1.000281
9/3/21,1.000058,0.999928,0.999999,0.99984,1.00022
9/4/21,1.000247,1.000063,1.000076,0.999937,1.000384
9/5/21,1.000357,0.999791,0.99987,0.999575,1.000261
9/6/21,1.000201,0.99942,0.999557,0.999518,0.999872
9/7/21,1.000188,1.000372,1.000189,1.000262,1.000493
9/8/21,1.000269,1.000235,1.000004,1.000305,1.00024
9/9/21,1.000281,1.000137,1.000132,1.00021,1.000146
9/10/21,0.999526,1.00017,1.000298,1.000231,1.00032
9/11/21,1.000348,1.00099,1.001077,1.000971,1.000979
9/12/21,1.000126,0.999556,0.999609,0.99949,0.999698
9/13/21,1.000155,1.00003,1.000152,1.000095,1.000235
9/14/21,1.000587,1.000382,1.00036,1.000278,1.000481
9/15/21,1.001441,0.99994,0.999987,1.000021,1.00046
9/16/21,1.000272,1.000146,1.000038,1.000064,1.000451
9/17/21,0.9996,0.999595,0.99947,0.999832,0.999648
9/18/21,0.999289,0.999279,0.999451,0.999405,0.999473
9/19/21,1.000094,1.000132,1.000392,1.000255,1.000442
9/20/21,1.000048,1.000345,1.000094,1.000384,0.999916
9/21/21,0.999875,1.000107,1.000365,1.000344,1.000088
9/22/21,1.000745,0.999626,0.999748,0.999563,1.00004
9/23/21,1.00075,1.000122,1.00005,1.000039,1.000508
9/24/21,1.001228,1.000242,1.000325,1.000135,1.00082
9/25/21,1.001053,1.000469,1.000101,1.000339,1.000989
9/26/21,1.001015,1.000358,1.000516,1.000255,1.000725
9/27/21,0.999793,1.000125,1.000115,1.000304,1.000513
9/28/21,0.999245,1.000378,1.000262,1.000387,1.000298
9/29/21,1.000762,1.000507,1.000359,1.000411,1.000282
9/30/21,1.000801,1.00009,1.000295,1.00014,1.000155
10/1/21,1.000386,0.999596,0.999704,0.999545,1.000178
10/2/21,1.001211,0.999956,1.000037,0.99979,1.000284
10/3/21,1.000196,0.999696,0.999773,0.999681,1.000201
10/4/21,0.999948,0.99957,0.999532,0.999416,0.999838
10/5/21,1.001135,0.999986,0.99995,0.999849,1.00044
10/6/21,1.000785,1.000102,0.999963,0.99999,1.000317
10/7/21,1.00027,1.000135,0.999997,1.000023,1.000375
10/8/21,0.999948,0.999852,1.00008,0.999791,1.000116
10/9/21,1.000904,0.999935,1.000043,0.999896,1.000046
10/10/21,1.000336,1.000718,1.000887,1.000598,1.001018
10/11/21,1.00054,1.000387,1.000484,1.000392,1.000696
10/12/21,1.000136,0.999974,1.000109,0.999962,1.000096
10/13/21,1.001022,1.000053,1.000993,1.000147,1.000097
10/14/21,1.000557,0.999862,0.999829,0.999742,1.000034
10/15/21,1.000117,0.999228,0.99952,0.999239,0.999152
10/16/21,1.000006,0.999898,0.999775,0.999968,1.00004
10/17/21,1.000191,1.000364,1.000277,1.000299,1.00028
10/18/21,0.999595,1.000234,1.000155,1.000058,1.000019
10/19/21,0.999964,1.000002,1.000041,0.999939,1.000117
10/20/21,0.999761,0.999668,0.99961,0.99959,0.99994
10/21/21,0.999627,1.000011,0.999893,1.000118,1.000022
10/22/21,0.999535,1.000188,1.00027,1.000334,0.999879
10/23/21,1.001607,1.000871,1.001569,1.001199,1.000823
10/24/21,0.999945,1.000268,1.001816,1.000308,1.000223
10/25/21,1.000013,0.999601,0.999456,0.99965,0.999375
10/26/21,1.000129,1.000132,1.000037,1.000135,1.000228
10/27/21,1.000228,1.000325,1.000106,1.000273,1.000791
10/28/21,1.000918,1.000071,0.999936,0.999921,1.000484
10/29/21,1.000011,0.999925,0.999935,0.999829,1.000049
10/30/21,1.000475,0.99991,1.000096,1.000131,1.000518
10/31/21,0.999901,0.999704,0.999774,0.999724,1.000376
11/1/21,1.000939,0.999737,0.999834,0.999861,1.000291
11/2/21,1.00131,1.000015,0.999987,0.999896,1.000815
11/3/21,1.000819,1.000062,0.999997,1.000225,1.000678
11/4/21,1.000081,1.000219,1.000229,1.000206,1.000857
11/5/21,1.001021,1.00059,1.000568,1.000562,1.001553
11/6/21,1.001157,1.000444,1.000442,1.000345,1.001454
11/7/21,1.001763,1.000572,1.000778,1.000649,1.001517
11/8/21,1.001488,0.999728,0.999948,0.999828,1.000443
11/9/21,0.999491,0.999927,0.999921,1.000075,1.000202
11/10/21,0.987754,0.999935,0.99964,0.999523,1.000097
11/11/21,1.005354,1.001333,1.001315,0.999856,1.000644
11/12/21,1.00187,0.998101,0.998454,0.999296,1.000114
11/13/21,1.001349,0.999908,1.000711,1.00083,1.000848
11/14/21,1.000729,0.999988,0.999975,0.999647,1.000367
11/15/21,1.00016,0.998683,0.999932,0.999643,1.001502
11/16/21,1.001156,1.000905,1.000395,1.000425,1.000675
11/17/21,1.00307,0.999656,0.99976,0.99985,1.000063
11/18/21,0.996456,0.999863,0.99956,0.999696,0.99997
11/19/21,1.004833,0.999987,0.999993,0.999991,1.00082
11/20/21,1.007407,0.998602,0.999023,0.999699,1.000362
11/21/21,0.996937,1.00021,1.000432,1.000235,1.000873
11/22/21,0.996703,0.999905,0.999772,0.999962,1.000451
11/23/21,1.007526,1.000185,0.999895,1.000115,1.000125
11/24/21,1.004729,1.000165,1.000316,1.000707,1.000697
11/25/21,1.001664,0.999974,0.999196,1.000332,0.999601
11/26/21,0.999201,0.999432,0.999874,0.999843,1.000367
11/27/21,1.0004,1.000212,1.000893,1.001594,1.001099
11/28/21,1.000517,1.000758,1.000036,0.999875,1.000125
11/29/21,1.0047,0.999774,0.999978,1.000078,1.000526
11/30/21,1.000212,0.999696,0.999604,0.999456,1.000286
12/1/21,0.997985,1.000725,0.999557,0.999593,1.000255
12/2/21,0.997458,0.999755,0.998582,0.998839,1.000174
12/3/21,0.996616,1.000004,1.000046,1.000327,1.000617
12/4/21,1.000765,1.000135,0.998892,0.999994,1.000007
12/5/21,0.999049,0.99926,0.999208,0.998715,1.00063
12/6/21,1.009841,1.000305,0.99993,0.999526,1.001362
12/7/21,0.997269,1.000083,1.000005,1.000063,1.000972
12/8/21,1.000714,0.998875,0.999473,0.999913,0.999366
12/9/21,0.99731,1.000211,1.000179,1.000527,1.000882
12/10/21,0.998275,1.001132,1.001438,1.001216,1.00174
12/11/21,1.002637,1.000819,1.000075,1.000172,1.000556
12/12/21,1.001979,1.000072,0.999949,1.000239,1.001051
12/13/21,0.998206,0.999598,0.999885,0.99978,1.000131
12/14/21,0.999451,1.000314,1.000339,1.000195,1.000648
12/15/21,0.997665,1.000724,1.000217,1.000244,1.000402
12/16/21,0.998421,1.000254,0.999871,0.998952,1.00026
12/17/21,0.995739,1.000046,0.999961,0.999806,1.000838
12/18/21,1.000875,1.000659,0.999946,0.99993,1.000183
12/19/21,0.999352,0.999919,0.999809,0.999883,0.999988
12/20/21,1.001571,0.999412,0.998678,0.999642,0.998971
12/21/21,1.00451,1.000552,0.999929,1.000066,1.000397
12/22/21,0.998874,1.000591,1.000047,0.998163,1.000332
12/23/21,1.00458,0.99978,1.000116,1.000219,1.000388
12/24/21,1.001566,1.00036,1.000342,1.000665,1.001202
12/25/21,1.002405,0.999998,0.999524,0.999856,0.999923
12/26/21,1.00076,0.99994,0.999869,0.999108,1.000449
12/27/21,0.999729,0.998266,0.998668,0.999582,0.999944
12/28/21,0.995608,1.000195,1.000166,1.000841,1.001168
12/29/21,0.99625,1.000191,1.000214,0.999463,1.000294
12/30/21,1.000632,1.000047,1.00083,1.000346,1.001036
12/31/21,0.99908,1.000656,0.998673,1.000039,1.000189
1/1/22,0.999859,1.000517,0.999108,1.000085,1.0005
1/2/22,1.000422,0.999464,1.001468,0.999765,1.00046
1/3/22,0.999749,0.999266,0.999084,0.999708,1.000165
1/4/22,0.999099,0.999152,0.999631,1.000585,1.000208
1/5/22,0.99993,1.001074,1.000129,0.999757,1.000122
1/6/22,0.999461,1.001563,1.000737,0.99956,1.000195
1/7/22,0.999558,0.999635,0.999759,1.000477,1.000252
1/8/22,0.999675,1.000022,1.000047,0.999512,1.000097
1/9/22,0.999714,1.000788,1.000434,0.999836,1.000257
1/10/22,1.000316,1.002036,1.000463,1.000381,1.000181
1/11/22,1.000297,0.999573,0.999969,1.000216,1.000362
1/12/22,1.001124,0.999687,1.000238,0.999799,1.00029
1/13/22,0.998932,1.000155,0.999349,0.999025,1.000405
1/14/22,1.00007,1.000097,1.00077,1.000034,1.000283
1/15/22,0.999393,0.999082,0.998824,0.999482,1.000642
1/16/22,1.000283,0.999535,0.999764,0.999692,1.000417
1/17/22,0.999888,1.001598,0.999077,0.999679,1.000368
1/18/22,0.999744,0.999426,0.999774,1.000105,1.00042
1/19/22,0.999598,0.999147,0.999943,1.000331,1.00049
1/20/22,0.999678,1.000084,0.999669,1.000412,1.000257
1/21/22,1.000291,1.001076,1.000158,1.000441,1.000177
1/22/22,0.999951,1.000477,1.000115,1.000032,1.000158
1/23/22,1.000553,1.001051,1.001459,1.000145,1.000491
1/24/22,1.000685,1.000473,1.000738,1.000305,1.000439
1/25/22,1.000375,0.999359,0.999677,1.000429,1.000604
1/26/22,1.000789,1.00025,1.000271,0.999935,1.00063
1/27/22,1.000389,0.999636,1.000089,0.999776,1.000344
1/28/22,1.000286,1.000734,0.999917,0.999651,1.000345
1/29/22,1.000015,1.000843,1.000312,1.000395,1.000362
1/30/22,0.999814,1.000982,0.999408,1.000065,1.000341
1/31/22,1.00017,1.0001,1.000212,0.999539,1.000485
2/1/22,1.000217,1.000881,0.999455,0.999683,1.000426
2/2/22,0.999836,0.998694,1.000235,0.999967,1.00038
2/3/22,1.000262,1.001277,1.000084,1.000231,1.000386
2/4/22,1.000371,0.999693,0.999647,0.999533,1.000563
2/5/22,0.99946,0.99884,0.999413,1.000117,1.000595
2/6/22,1.00062,0.999898,0.999645,1.000357,1.000679
2/7/22,0.999929,0.999276,0.99955,0.999022,1.000555
2/8/22,0.999626,1.000583,0.999734,0.999171,1.000619
2/9/22,0.999854,1.000342,1.000241,0.999587,1.000744
2/10/22,0.999063,0.998938,0.999578,1.000103,1.000726
2/11/22,1.00014,0.998951,0.999796,0.999368,1.000722
2/12/22,0.99992,0.99962,1.000193,1.000177,1.000601
2/13/22,0.999373,0.998666,0.999658,0.999983,1.000456
2/14/22,0.999734,0.998698,1.000101,0.999365,1.000513
2/15/22,1.000105,1.000448,0.999637,0.999571,1.000585
2/16/22,0.999148,0.999201,0.999877,0.999776,1.000397
2/17/22,0.999069,1.000608,1.000141,0.999402,1.000515
2/18/22,0.999494,0.999061,0.999877,0.999771,1.000559
2/19/22,0.999749,0.99979,1.000031,0.99987,1.000576
2/20/22,0.999366,0.998853,0.999954,1.000003,1.000408
2/21/22,0.999251,0.998494,0.999844,0.999335,1.000502
2/22/22,1.00013,1.000728,0.99969,1.000045,1.000704
2/23/22,0.999463,0.999737,0.999528,0.999513,1.000498
2/24/22,1.000246,0.999778,0.999788,0.999963,1.000636
2/25/22,0.999653,1.00058,0.99992,0.999943,1.000474
2/26/22,1.000192,1.000422,1.000264,0.999992,1.000397
2/27/22,0.999489,0.999223,1.000333,0.999722,1.000491
2/28/22,1.0003,1.00069,0.999779,0.999853,1.000351
3/1/22,1.000062,1.000331,0.999851,0.999814,1.000452
3/2/22,0.999636,0.999089,0.999848,0.999569,1.000467
3/3/22,0.999828,1.000725,1.000107,0.999934,1.000017
3/4/22,0.999719,1.000315,1.000267,0.999841,1.000197
3/5/22,1.000046,0.999776,1.000172,0.999371,1.000275
3/6/22,0.999439,1.000681,0.999975,0.999851,1.000244
3/7/22,0.999825,0.999291,1.00017,0.999134,1.000123
3/8/22,1.000307,1.000158,1.000156,1.00026,1.000282
3/9/22,1.000205,1.000157,0.999933,1.00045,1.000294
3/10/22,1.000141,0.999169,0.999768,0.999801,1.000565
3/11/22,0.999464,0.999365,0.999838,0.999341,1.0002
3/12/22,0.999806,0.999023,0.99987,0.999538,1.000081
3/13/22,0.999497,1.000319,1.000402,0.999965,1.000199
3/14/22,1.000674,1.000959,1.000455,1.000288,1.000219
3/15/22,0.999577,0.999095,0.999616,0.999367,1.000334
3/16/22,1.000117,0.999687,1.000039,1.00006,1.000438